{"model_name": "A2C", "learning_rate": 0.00015078369731868298, "gamma": 0.9663796739439382}