{"model_name": "PPO", "learning_rate": 0.0007367621291727883, "gamma": 0.8767554461108283}