{"model_name": "A2C", "learning_rate": 4.709325353664891e-05, "gamma": 0.9621552458705358, "use_rms_prop": true }