{"model_name": "A2C", "learning_rate": 2.636649136037838e-05, "gamma": 0.9731473644133288, "use_rms_prop": true}