{"model_name": "PPO", "learning_rate": 0.003748321662847933, "gamma": 0.968603096018041}