{"model_name": "QRDQN", "learning_rate": 0.0038266681214948494, "gamma": 0.9909387213546997}